TestName,TestNameCard,TestDescCard
Test1,NameCard,DescTest
Test2,NameCard2,DescTest2
Test3,NameCard3,DescTest3
Test4,NameCard4,DescTest4
Test5,NameCard5,DescTest5
Test6,NameCard6,DescTest6
Test7,NameCard7,DescTest7
Test8,NameCard8,DescTest8
Test9,NameCard9,DescTest9
Test10,NameCard10,DescTest10
Test11,NameCard11,DescTest11
Test12,NameCard12,DescTest12
Test13,NameCard13,DescTest13
Test14,NameCard14,DescTest14
Test15,NameCard15,DescTest15
Test16,NameCard16,DescTest16
Test17,NameCard17,DescTest17
Test18,NameCard18,DescTest18
Test19,NameCard19,DescTest19
Test20,NameCard20,DescTest20
Test21,NameCard21,DescTest21
Test22,NameCard22,DescTest22
Test23,NameCard23,DescTest23
Test24,NameCard24,DescTest24
Test25,NameCard25,DescTest25
Test26,NameCard26,DescTest26
Test27,NameCard27,DescTest27
Test28,NameCard28,DescTest28
Test29,NameCard29,DescTest29
Test30,NameCard30,DescTest30
Test31,NameCard31,DescTest31
Test32,NameCard32,DescTest32
Test33,NameCard33,DescTest33
Test34,NameCard34,DescTest34
Test35,NameCard35,DescTest35
Test36,NameCard36,DescTest36
Test37,NameCard37,DescTest37
Test38,NameCard38,DescTest38
Test39,NameCard39,DescTest39
Test40,NameCard40,DescTest40
Test41,NameCard41,DescTest41
Test42,NameCard42,DescTest42
Test43,NameCard43,DescTest43
Test44,NameCard44,DescTest44
Test45,NameCard45,DescTest45
Test46,NameCard46,DescTest46
Test47,NameCard47,DescTest47
Test48,NameCard48,DescTest48
Test49,NameCard49,DescTest49
Test50,NameCard50,DescTest50
Test51,NameCard51,DescTest51
Test52,NameCard52,DescTest52
Test53,NameCard53,DescTest53
Test54,NameCard54,DescTest54
Test55,NameCard55,DescTest55
Test56,NameCard56,DescTest56
Test57,NameCard57,DescTest57
Test58,NameCard58,DescTest58
Test59,NameCard59,DescTest59
Test60,NameCard60,DescTest60
Test61,NameCard61,DescTest61
Test62,NameCard62,DescTest62
Test63,NameCard63,DescTest63
Test64,NameCard64,DescTest64
Test65,NameCard65,DescTest65
Test66,NameCard66,DescTest66
Test67,NameCard67,DescTest67
Test68,NameCard68,DescTest68
Test69,NameCard69,DescTest69
Test70,NameCard70,DescTest70
Test71,NameCard71,DescTest71
Test72,NameCard72,DescTest72
Test73,NameCard73,DescTest73
Test74,NameCard74,DescTest74
Test75,NameCard75,DescTest75
Test76,NameCard76,DescTest76
Test77,NameCard77,DescTest77
Test78,NameCard78,DescTest78
Test79,NameCard79,DescTest79
Test80,NameCard80,DescTest80
Test81,NameCard81,DescTest81
Test82,NameCard82,DescTest82
Test83,NameCard83,DescTest83
Test84,NameCard84,DescTest84
Test85,NameCard85,DescTest85
Test86,NameCard86,DescTest86
Test87,NameCard87,DescTest87
Test88,NameCard88,DescTest88
Test89,NameCard89,DescTest89
Test90,NameCard90,DescTest90
Test91,NameCard91,DescTest91
Test92,NameCard92,DescTest92
Test93,NameCard93,DescTest93
Test94,NameCard94,DescTest94
Test95,NameCard95,DescTest95
Test96,NameCard96,DescTest96
Test97,NameCard97,DescTest97
Test98,NameCard98,DescTest98
Test99,NameCard99,DescTest99
Test100,NameCard100,DescTest100